{"cameraMode":{"drawMode":0,"name":"Shaded","section":"Shading Mode"},"sceneLighting":true,"audioPlay":false,"sceneViewState":{"showFog":true,"showMaterialUpdate":false,"showSkybox":true,"showFlares":true,"showImageEffects":true,"showParticleSystems":true},"in2DMode":false,"pivot":{"x":1.4769763946533204,"y":11.63110065460205,"z":-12.309619903564454},"rotation":{"x":0.17929813265800477,"y":-0.5450041890144348,"z":0.12062286585569382,"w":0.8101379871368408},"size":22.0,"orthographic":false}