{"cameraMode":{"drawMode":0,"name":"Shaded","section":"Shading Mode"},"sceneLighting":false,"audioPlay":false,"sceneViewState":{"showFog":true,"showMaterialUpdate":false,"showSkybox":false,"showFlares":true,"showImageEffects":true,"showParticleSystems":true},"in2DMode":false,"pivot":{"x":0.20015889406204225,"y":0.4021391272544861,"z":0.13585063815116883},"rotation":{"x":0.11930819600820542,"y":-0.34912747144699099,"z":0.04487089440226555,"w":0.9284065365791321},"size":2.809415578842163,"orthographic":false}