{"cameraMode":{"drawMode":0,"name":"Shaded","section":"Shading Mode"},"sceneLighting":true,"audioPlay":false,"sceneViewState":{"showFog":true,"showMaterialUpdate":false,"showSkybox":true,"showFlares":true,"showImageEffects":true,"showParticleSystems":true},"in2DMode":false,"pivot":{"x":2.7806224822998049,"y":1.9699183702468873,"z":-4.117183208465576},"rotation":{"x":0.22895723581314088,"y":0.5527065396308899,"z":-0.16121183335781098,"w":0.7849429249763489},"size":22.0,"orthographic":false}