{"cameraMode":{"drawMode":0,"name":"Shaded","section":"Shading Mode"},"sceneLighting":false,"audioPlay":false,"sceneViewState":{"showFog":true,"showMaterialUpdate":false,"showSkybox":false,"showFlares":true,"showImageEffects":true,"showParticleSystems":true},"in2DMode":false,"pivot":{"x":-1.649999976158142,"y":0.3799999952316284,"z":2.240000009536743},"rotation":{"x":0.021388081833720208,"y":0.9710673093795776,"z":-0.2179749459028244,"w":0.09527496993541718},"size":22.0,"orthographic":false}