{"cameraMode":{"drawMode":0,"name":"Shaded","section":"Shading Mode"},"sceneLighting":false,"audioPlay":false,"sceneViewState":{"showFog":true,"showMaterialUpdate":false,"showSkybox":false,"showFlares":true,"showImageEffects":true,"showParticleSystems":true},"in2DMode":false,"pivot":{"x":-0.4085116386413574,"y":0.2583838105201721,"z":-0.7441288828849793},"rotation":{"x":-0.11617967486381531,"y":0.503562331199646,"z":-0.06855489313602448,"w":-0.8533715605735779},"size":2.336435317993164,"orthographic":false}