{"cameraMode":{"drawMode":0,"name":"Shaded","section":"Shading Mode"},"sceneLighting":true,"audioPlay":false,"sceneViewState":{"showFog":true,"showMaterialUpdate":false,"showSkybox":true,"showFlares":true,"showImageEffects":true,"showParticleSystems":true},"in2DMode":false,"pivot":{"x":10.130509376525879,"y":-2.3783507347106935,"z":-3.27217435836792},"rotation":{"x":0.07869532704353333,"y":0.6053739190101624,"z":-0.06031021848320961,"w":0.7897604703903198},"size":22.0,"orthographic":false}